content,label
Stock markets close higher as tech earnings beat analyst forecasts Major indices gained ground today following positive quarterly financial reports from leading semiconductor and cloud computing corporations.,1
"Celebrity billionaire admits fake moon landing filmed in Hollywood studio on live broadcast During an unscripted commercial break interview, the famous tech CEO accidentally revealed classified documents proving that space exploration is a staged theatrical performance designed to extract taxpayer funds.",0
NASA James Webb Space Telescope discovers oldest known galaxy Astronomers using the James Webb Space Telescope have identified a galaxy that formed just 300 million years after the Big Bang. Peer-reviewed findings published in Nature confirm spectral measurements consistent with early cosmic expansion.,1
Secret banking cartel declares cash illegal starting next Monday worldwide Shocking leaks from unverified forum posts confirm that all physical currency bills will be confiscated by midnight and replaced with biometric tracking tokens. Banks will seize all private savings without notice!,0
"Archaeologists uncover ancient trading post along historical Silk Road Excavations in Central Asia revealed coins, pottery, and commercial records dating back to the 5th century, shedding new light on historical trade connections.",1
Global shipping routes adjust after navigational updates in the Red Sea Maritime authorities and international transport alliances have issued updated route advisories to ensure safe commercial navigation across international waters.,1
Aliens landed in secret desert base and signed treaty with world leaders shocking leaked tape Top secret whistleblower leaks 100% genuine footage of extraterrestrial beings meeting underground politicians. The global shadow government will announce mandatory chip implants next week according to anonymous insider.,0
Federal Reserve holds interest rates steady amid slowing inflation The central bank decided to maintain its benchmark interest rate target range following the Federal Open Market Committee meeting. Chair Jerome Powell stated that economic indicators show moderate growth and steady labor markets.,1
Scientists caught admitting global weather is controlled by secret cloud generator machine Leaked underground audio reveals high-ranking bureaucrats laughing about manually pressing buttons to create rainstorms and snow to manipulate agricultural commodity prices. Mainstream media silent!,0
Researchers develop promising new antibiotic targeting resistant bacteria A team of microbiologists at Harvard University and MIT synthesized a novel compound capable of overcoming multi-drug resistant superbugs in preclinical laboratory trials.,1
"World Health Organization updates guidance on seasonal influenza vaccination The WHO released updated recommendations for annual flu vaccines, emphasizing immunization for healthcare workers, elderly adults, and immunocompromised individuals ahead of the winter season.",1
Secret miracle root cures all forms of cancer in 48 hours big pharma does not want you to know Doctors are stunned! This ancient mountain herb destroys every cancer cell in two days. Government scientists are hiding the miracle remedy to protect pharmaceutical trillion-dollar profits. Order now before it is banned!,0
Government quietly installs mind control towers disguised as 5G mobile antennas nationwide Uncovered secret blueprint shows that cellular telecommunication towers are emitting invisible neurological frequencies designed to manipulate voting patterns and enforce compliance. Share this before it gets deleted!,0
"European Union passes landmark legislation to regulate artificial intelligence Lawmakers in the European Parliament voted to approve the AI Act, establishing comprehensive risk-based guidelines for machine learning systems used across healthcare, law enforcement, and critical infrastructure.",1
"Global renewable energy capacity surges to record high in recent quarter The International Energy Agency reported an unprecedented increase in solar and wind power installations worldwide, driven by declining hardware costs and national clean energy incentives.",1
"Famous Hollywood actor faked death and is living on secret private island with historical figures Shocking photographs taken with a zoom lens allegedly prove that deceased celebrities are all alive and well, partying at an undisclosed billionaire resort in the Bermuda Triangle.",0
Microwave ovens create radioactive toxic molecules that turn water poisonous instantly Terrifying study discovered by independent blogger shows that warming your food for even ten seconds mutates genetic structures and creates lethal radiation poisoning in standard kitchen meals. Throw your microwave away immediately!,0
Ancient prophecy predicted meteorite containing pure gold will hit city center tomorrow Mystic prophecies circulating on social media claim a golden asteroid sent by ancient civilizations is hurtling towards earth and will make all residents instant billionaires if they gather at the monument.,0
Eating raw onion peelings under your pillow attracts wealth and cures insomnia overnight Ancient superstition proven true by underground researchers! Placing pungent root vegetables beneath your bedding realigns your aura and attracts unexpected lottery windfalls within seven days guaranteed.,0
Electric vehicle battery breakthrough achieves 600 mile range in tests Engineers published verified laboratory data demonstrating a solid-state lithium battery prototype capable of over 1000 fast-charge cycles with minimal degradation.,1
"Public transit agency announces major subway system modernization project City officials unveiled a multi-billion dollar infrastructure initiative to replace aging signals, improve accessibility, and upgrade rolling stock over the next decade.",1
Drink boiled lemon water and salt to permanently reverse aging and eliminate all viruses Renowned guru reveals that simply drinking boiling saltwater each morning activates hidden DNA receptors that make your biological age drop by 30 years instantly. Hospitals refuse to verify this simple home trick!,0
"Miracle magnetic bracelet pulls all toxins and disease directly out through your wrists Clinical experiments suppressed by elite doctors demonstrate that wearing this quantum ion magnetic band purges every illness, diabetes, and heart problem within 24 hours without diet or medicine!",0
United Nations climate summit concludes with historic decarbonization agreement Delegates from over 190 countries finalized an agreement committing to triple renewable energy capacity and accelerate transitions away from fossil fuels by 2030.,1
